begin;

-- Ownerless seed workspace claimed on first login by the player with
-- `account_email = 'asadkhalid305@gmail.com'`. The projects account is linked
-- as a member player in the same workspace for multi-account testing.
delete from public.workspace_memberships
where workspace_id = '90000000-0000-4000-8000-000000000001';

alter table public.matches disable trigger matches_protect_completed;

delete from public.events
where id in (
  '20000000-0000-0000-0000-000000000001',
  '20000000-0000-0000-0000-000000000002',
  '20000000-0000-0000-0000-000000000003',
  '20000000-0000-4000-8000-000000000001',
  '20000000-0000-4000-8000-000000000002',
  '20000000-0000-4000-8000-000000000003'
);

alter table public.matches enable trigger matches_protect_completed;

delete from public.workspaces
where id = '90000000-0000-4000-8000-000000000001';

delete from public.players
where id in (
  '10000000-0000-0000-0000-000000000001',
  '10000000-0000-0000-0000-000000000002',
  '10000000-0000-0000-0000-000000000003',
  '10000000-0000-0000-0000-000000000004',
  '10000000-0000-0000-0000-000000000005',
  '10000000-0000-0000-0000-000000000006',
  '10000000-0000-0000-0000-000000000007',
  '10000000-0000-0000-0000-000000000008',
  '10000000-0000-0000-0000-000000000009',
  '10000000-0000-0000-0000-000000000010',
  '10000000-0000-0000-0000-000000000011',
  '10000000-0000-0000-0000-000000000012',
  '10000000-0000-0000-0000-000000000013',
  '10000000-0000-4000-8000-000000000014',
  '10000000-0000-4000-8000-000000000015'
);

insert into public.workspaces (id, name, personal_owner_app_user_id)
values (
  '90000000-0000-4000-8000-000000000001',
  'Asad Ullah Khalid seed club',
  null
)
on conflict (id) do update
set
  name = excluded.name,
  personal_owner_app_user_id = excluded.personal_owner_app_user_id;

insert into public.players (
  id,
  workspace_id,
  name,
  rating,
  is_active,
  account_email
)
values
  ('10000000-0000-4000-8000-000000000001', '90000000-0000-4000-8000-000000000001', 'Maya Fischer', 7.5, true, null),
  ('10000000-0000-4000-8000-000000000002', '90000000-0000-4000-8000-000000000001', 'Noah Becker', 6.0, true, null),
  ('10000000-0000-4000-8000-000000000003', '90000000-0000-4000-8000-000000000001', 'Sofia Keller', 8.0, true, null),
  ('10000000-0000-4000-8000-000000000004', '90000000-0000-4000-8000-000000000001', 'Leon Weber', 5.5, true, null),
  ('10000000-0000-4000-8000-000000000005', '90000000-0000-4000-8000-000000000001', 'Amira Wagner', 7.0, true, null),
  ('10000000-0000-4000-8000-000000000006', '90000000-0000-4000-8000-000000000001', 'Elias Hoffmann', 6.5, true, null),
  ('10000000-0000-4000-8000-000000000007', '90000000-0000-4000-8000-000000000001', 'Nina Bauer', 5.0, true, null),
  ('10000000-0000-4000-8000-000000000008', '90000000-0000-4000-8000-000000000001', 'Jonas Richter', 8.5, true, null),
  ('10000000-0000-4000-8000-000000000009', '90000000-0000-4000-8000-000000000001', 'Lina Schmitt', 6.0, true, null),
  ('10000000-0000-4000-8000-000000000010', '90000000-0000-4000-8000-000000000001', 'Omar Haddad', 7.2, true, null),
  ('10000000-0000-4000-8000-000000000011', '90000000-0000-4000-8000-000000000001', 'Clara Vogel', 4.8, true, null),
  ('10000000-0000-4000-8000-000000000012', '90000000-0000-4000-8000-000000000001', 'Ben Schneider', 5.9, true, null),
  ('10000000-0000-4000-8000-000000000013', '90000000-0000-4000-8000-000000000001', 'Tara Meier', 6.8, false, null),
  ('10000000-0000-4000-8000-000000000014', '90000000-0000-4000-8000-000000000001', 'Asad Ullah Khalid', 6.0, true, 'asadkhalid305@gmail.com'),
  ('10000000-0000-4000-8000-000000000015', '90000000-0000-4000-8000-000000000001', 'Asad Projects', 6.1, true, 'asadkhalid.projects@gmail.com')
on conflict (id) do update
set
  workspace_id = excluded.workspace_id,
  name = excluded.name,
  rating = excluded.rating,
  is_active = excluded.is_active,
  account_email = excluded.account_email;

insert into public.events (
  id,
  workspace_id,
  name,
  venue,
  starts_at,
  status,
  seed,
  round_minutes,
  break_minutes,
  notes
)
values
  (
    '20000000-0000-4000-8000-000000000001',
    '90000000-0000-4000-8000-000000000001',
    'Friday Ladder Warmup',
    'Racket Club Kreuzberg',
    now() + interval '7 days',
    'scheduled',
    2401,
    20,
    4,
    'Editable seed event for draw, timer, scoring, and regeneration checks.'
  ),
  (
    '20000000-0000-4000-8000-000000000002',
    '90000000-0000-4000-8000-000000000001',
    'Club Night Live Courts',
    'PadelBox Mitte',
    now() - interval '45 minutes',
    'live',
    2402,
    6,
    1,
    'Live seed event for six-minute timer cues, scheduled matches, paused timers, and completed scores.'
  ),
  (
    '20000000-0000-4000-8000-000000000003',
    '90000000-0000-4000-8000-000000000001',
    'May Masters Finals',
    'Tempelhofer Padelhalle',
    now() - interval '14 days',
    'completed',
    2403,
    20,
    5,
    'Completed seed event for locked scores, standings, and history.'
  )
on conflict (id) do update
set
  workspace_id = excluded.workspace_id,
  name = excluded.name,
  venue = excluded.venue,
  starts_at = excluded.starts_at,
  status = excluded.status,
  seed = excluded.seed,
  round_minutes = excluded.round_minutes,
  break_minutes = excluded.break_minutes,
  notes = excluded.notes;

insert into public.event_players (
  id,
  event_id,
  player_id,
  name_snapshot,
  rating_snapshot,
  display_order
)
values
  ('30000000-0000-4000-8001-000000000001', '20000000-0000-4000-8000-000000000001', '10000000-0000-4000-8000-000000000001', 'Maya Fischer', 7.5, 0),
  ('30000000-0000-4000-8001-000000000002', '20000000-0000-4000-8000-000000000001', '10000000-0000-4000-8000-000000000002', 'Noah Becker', 6.0, 1),
  ('30000000-0000-4000-8001-000000000003', '20000000-0000-4000-8000-000000000001', '10000000-0000-4000-8000-000000000003', 'Sofia Keller', 8.0, 2),
  ('30000000-0000-4000-8001-000000000004', '20000000-0000-4000-8000-000000000001', '10000000-0000-4000-8000-000000000004', 'Leon Weber', 5.5, 3),
  ('30000000-0000-4000-8001-000000000005', '20000000-0000-4000-8000-000000000001', '10000000-0000-4000-8000-000000000005', 'Amira Wagner', 7.0, 4),
  ('30000000-0000-4000-8001-000000000006', '20000000-0000-4000-8000-000000000001', '10000000-0000-4000-8000-000000000006', 'Elias Hoffmann', 6.5, 5),
  ('30000000-0000-4000-8001-000000000007', '20000000-0000-4000-8000-000000000001', '10000000-0000-4000-8000-000000000007', 'Nina Bauer', 5.0, 6),
  ('30000000-0000-4000-8001-000000000008', '20000000-0000-4000-8000-000000000001', '10000000-0000-4000-8000-000000000008', 'Jonas Richter', 8.5, 7),
  ('30000000-0000-4000-8002-000000000001', '20000000-0000-4000-8000-000000000002', '10000000-0000-4000-8000-000000000003', 'Sofia Keller', 8.0, 0),
  ('30000000-0000-4000-8002-000000000002', '20000000-0000-4000-8000-000000000002', '10000000-0000-4000-8000-000000000008', 'Jonas Richter', 8.5, 1),
  ('30000000-0000-4000-8002-000000000003', '20000000-0000-4000-8000-000000000002', '10000000-0000-4000-8000-000000000010', 'Omar Haddad', 7.2, 2),
  ('30000000-0000-4000-8002-000000000004', '20000000-0000-4000-8000-000000000002', '10000000-0000-4000-8000-000000000005', 'Amira Wagner', 7.0, 3),
  ('30000000-0000-4000-8002-000000000005', '20000000-0000-4000-8000-000000000002', '10000000-0000-4000-8000-000000000006', 'Elias Hoffmann', 6.5, 4),
  ('30000000-0000-4000-8002-000000000006', '20000000-0000-4000-8000-000000000002', '10000000-0000-4000-8000-000000000009', 'Lina Schmitt', 6.0, 5),
  ('30000000-0000-4000-8002-000000000007', '20000000-0000-4000-8000-000000000002', '10000000-0000-4000-8000-000000000011', 'Clara Vogel', 4.8, 6),
  ('30000000-0000-4000-8002-000000000008', '20000000-0000-4000-8000-000000000002', '10000000-0000-4000-8000-000000000012', 'Ben Schneider', 5.9, 7),
  ('30000000-0000-4000-8003-000000000001', '20000000-0000-4000-8000-000000000003', '10000000-0000-4000-8000-000000000001', 'Maya Fischer', 7.4, 0),
  ('30000000-0000-4000-8003-000000000002', '20000000-0000-4000-8000-000000000003', '10000000-0000-4000-8000-000000000003', 'Sofia Keller', 7.8, 1),
  ('30000000-0000-4000-8003-000000000003', '20000000-0000-4000-8000-000000000003', '10000000-0000-4000-8000-000000000005', 'Amira Wagner', 6.9, 2),
  ('30000000-0000-4000-8003-000000000004', '20000000-0000-4000-8000-000000000003', '10000000-0000-4000-8000-000000000008', 'Jonas Richter', 8.4, 3),
  ('30000000-0000-4000-8003-000000000005', '20000000-0000-4000-8000-000000000003', '10000000-0000-4000-8000-000000000010', 'Omar Haddad', 7.0, 4),
  ('30000000-0000-4000-8003-000000000006', '20000000-0000-4000-8000-000000000003', '10000000-0000-4000-8000-000000000013', 'Tara Meier', 6.8, 5),
  ('30000000-0000-4000-8003-000000000007', '20000000-0000-4000-8000-000000000003', '10000000-0000-4000-8000-000000000002', 'Noah Becker', 5.9, 6),
  ('30000000-0000-4000-8003-000000000008', '20000000-0000-4000-8000-000000000003', '10000000-0000-4000-8000-000000000006', 'Elias Hoffmann', 6.4, 7);

insert into public.event_rounds (
  id,
  event_id,
  round_number,
  court_count,
  starts_at,
  duration_seconds
)
values
  ('40000000-0000-4000-8001-000000000001', '20000000-0000-4000-8000-000000000001', 1, 2, now() + interval '7 days', 1200),
  ('40000000-0000-4000-8001-000000000002', '20000000-0000-4000-8000-000000000001', 2, 2, now() + interval '7 days 24 minutes', 1200),
  ('40000000-0000-4000-8002-000000000001', '20000000-0000-4000-8000-000000000002', 1, 2, now() - interval '18 minutes', 360),
  ('40000000-0000-4000-8002-000000000002', '20000000-0000-4000-8000-000000000002', 2, 2, now() - interval '11 minutes', 360),
  ('40000000-0000-4000-8002-000000000003', '20000000-0000-4000-8000-000000000002', 3, 2, now() - interval '4 minutes', 360),
  ('40000000-0000-4000-8002-000000000004', '20000000-0000-4000-8000-000000000002', 4, 2, now() + interval '3 minutes', 360),
  ('40000000-0000-4000-8003-000000000001', '20000000-0000-4000-8000-000000000003', 1, 2, now() - interval '14 days', 1200),
  ('40000000-0000-4000-8003-000000000002', '20000000-0000-4000-8000-000000000003', 2, 2, now() - interval '13 days 23 hours 35 minutes', 1200),
  ('40000000-0000-4000-8003-000000000003', '20000000-0000-4000-8000-000000000003', 3, 1, now() - interval '13 days 23 hours 10 minutes', 1200);

insert into public.matches (
  id,
  event_id,
  round_id,
  court_number,
  status,
  team_one_player_one_id,
  team_one_player_two_id,
  team_two_player_one_id,
  team_two_player_two_id,
  team_one_score,
  team_two_score,
  timer_started_at,
  timer_paused_at,
  timer_accumulated_pause_seconds,
  timer_duration_seconds,
  completed_at
)
values
  ('50000000-0000-4000-8001-000000000001', '20000000-0000-4000-8000-000000000001', '40000000-0000-4000-8001-000000000001', 1, 'scheduled', '30000000-0000-4000-8001-000000000001', '30000000-0000-4000-8001-000000000006', '30000000-0000-4000-8001-000000000002', '30000000-0000-4000-8001-000000000008', null, null, null, null, 0, 1200, null),
  ('50000000-0000-4000-8001-000000000002', '20000000-0000-4000-8000-000000000001', '40000000-0000-4000-8001-000000000001', 2, 'scheduled', '30000000-0000-4000-8001-000000000003', '30000000-0000-4000-8001-000000000007', '30000000-0000-4000-8001-000000000004', '30000000-0000-4000-8001-000000000005', null, null, null, null, 0, 1200, null),
  ('50000000-0000-4000-8001-000000000003', '20000000-0000-4000-8000-000000000001', '40000000-0000-4000-8001-000000000002', 1, 'scheduled', '30000000-0000-4000-8001-000000000001', '30000000-0000-4000-8001-000000000004', '30000000-0000-4000-8001-000000000003', '30000000-0000-4000-8001-000000000006', null, null, null, null, 0, 1200, null),
  ('50000000-0000-4000-8001-000000000004', '20000000-0000-4000-8000-000000000001', '40000000-0000-4000-8001-000000000002', 2, 'scheduled', '30000000-0000-4000-8001-000000000002', '30000000-0000-4000-8001-000000000005', '30000000-0000-4000-8001-000000000007', '30000000-0000-4000-8001-000000000008', null, null, null, null, 0, 1200, null),
  -- Manual timer cue playground without a db reset race:
  -- start the full six-minute scheduled timer, or resume the paused timers
  -- staged a few seconds before 5-left, 2-left, 1-left, zero, and 5-over cues.
  ('50000000-0000-4000-8002-000000000001', '20000000-0000-4000-8000-000000000002', '40000000-0000-4000-8002-000000000001', 1, 'scheduled', '30000000-0000-4000-8002-000000000001', '30000000-0000-4000-8002-000000000008', '30000000-0000-4000-8002-000000000002', '30000000-0000-4000-8002-000000000007', null, null, null, null, 0, 360, null),
  ('50000000-0000-4000-8002-000000000002', '20000000-0000-4000-8000-000000000002', '40000000-0000-4000-8002-000000000001', 2, 'paused', '30000000-0000-4000-8002-000000000003', '30000000-0000-4000-8002-000000000006', '30000000-0000-4000-8002-000000000004', '30000000-0000-4000-8002-000000000005', null, null, now() - interval '55 seconds', now(), 0, 360, null),
  ('50000000-0000-4000-8002-000000000003', '20000000-0000-4000-8000-000000000002', '40000000-0000-4000-8002-000000000002', 1, 'paused', '30000000-0000-4000-8002-000000000001', '30000000-0000-4000-8002-000000000004', '30000000-0000-4000-8002-000000000003', '30000000-0000-4000-8002-000000000008', null, null, now() - interval '2 minutes 55 seconds', now(), 0, 360, null),
  ('50000000-0000-4000-8002-000000000004', '20000000-0000-4000-8000-000000000002', '40000000-0000-4000-8002-000000000002', 2, 'paused', '30000000-0000-4000-8002-000000000002', '30000000-0000-4000-8002-000000000005', '30000000-0000-4000-8002-000000000006', '30000000-0000-4000-8002-000000000007', null, null, now() - interval '3 minutes 55 seconds', now(), 0, 360, null),
  ('50000000-0000-4000-8002-000000000005', '20000000-0000-4000-8000-000000000002', '40000000-0000-4000-8002-000000000003', 1, 'paused', '30000000-0000-4000-8002-000000000001', '30000000-0000-4000-8002-000000000005', '30000000-0000-4000-8002-000000000003', '30000000-0000-4000-8002-000000000006', null, null, now() - interval '5 minutes 55 seconds', now(), 0, 360, null),
  ('50000000-0000-4000-8002-000000000006', '20000000-0000-4000-8000-000000000002', '40000000-0000-4000-8002-000000000003', 2, 'paused', '30000000-0000-4000-8002-000000000002', '30000000-0000-4000-8002-000000000004', '30000000-0000-4000-8002-000000000007', '30000000-0000-4000-8002-000000000008', null, null, now() - interval '10 minutes 55 seconds', now(), 0, 360, null),
  ('50000000-0000-4000-8002-000000000007', '20000000-0000-4000-8000-000000000002', '40000000-0000-4000-8002-000000000004', 1, 'scheduled', '30000000-0000-4000-8002-000000000001', '30000000-0000-4000-8002-000000000006', '30000000-0000-4000-8002-000000000004', '30000000-0000-4000-8002-000000000007', null, null, null, null, 0, 360, null),
  ('50000000-0000-4000-8002-000000000008', '20000000-0000-4000-8000-000000000002', '40000000-0000-4000-8002-000000000004', 2, 'completed', '30000000-0000-4000-8002-000000000002', '30000000-0000-4000-8002-000000000003', '30000000-0000-4000-8002-000000000005', '30000000-0000-4000-8002-000000000008', 21, 18, now() - interval '18 minutes', null, 0, 360, now() - interval '12 minutes'),
  ('50000000-0000-4000-8003-000000000001', '20000000-0000-4000-8000-000000000003', '40000000-0000-4000-8003-000000000001', 1, 'completed', '30000000-0000-4000-8003-000000000001', '30000000-0000-4000-8003-000000000005', '30000000-0000-4000-8003-000000000002', '30000000-0000-4000-8003-000000000008', 24, 20, now() - interval '14 days', null, 0, 1200, now() - interval '13 days 23 hours 40 minutes'),
  ('50000000-0000-4000-8003-000000000002', '20000000-0000-4000-8000-000000000003', '40000000-0000-4000-8003-000000000001', 2, 'completed', '30000000-0000-4000-8003-000000000003', '30000000-0000-4000-8003-000000000006', '30000000-0000-4000-8003-000000000004', '30000000-0000-4000-8003-000000000007', 18, 22, now() - interval '14 days', null, 0, 1200, now() - interval '13 days 23 hours 39 minutes'),
  ('50000000-0000-4000-8003-000000000003', '20000000-0000-4000-8000-000000000003', '40000000-0000-4000-8003-000000000002', 1, 'completed', '30000000-0000-4000-8003-000000000001', '30000000-0000-4000-8003-000000000003', '30000000-0000-4000-8003-000000000004', '30000000-0000-4000-8003-000000000005', 19, 19, now() - interval '13 days 23 hours 35 minutes', null, 0, 1200, now() - interval '13 days 23 hours 15 minutes'),
  ('50000000-0000-4000-8003-000000000004', '20000000-0000-4000-8000-000000000003', '40000000-0000-4000-8003-000000000002', 2, 'completed', '30000000-0000-4000-8003-000000000002', '30000000-0000-4000-8003-000000000006', '30000000-0000-4000-8003-000000000007', '30000000-0000-4000-8003-000000000008', 25, 17, now() - interval '13 days 23 hours 35 minutes', null, 0, 1200, now() - interval '13 days 23 hours 14 minutes'),
  ('50000000-0000-4000-8003-000000000005', '20000000-0000-4000-8000-000000000003', '40000000-0000-4000-8003-000000000003', 1, 'completed', '30000000-0000-4000-8003-000000000001', '30000000-0000-4000-8003-000000000004', '30000000-0000-4000-8003-000000000002', '30000000-0000-4000-8003-000000000003', 23, 21, now() - interval '13 days 23 hours 10 minutes', null, 0, 1200, now() - interval '13 days 22 hours 50 minutes');

commit;
